{
  "version": 1,
  "author": "Uri Shaked",
  "editor": "wokwi",
  "parts": [
    {
      "type": "board-pi-pico-w",
      "id": "pico",
      "top": 35.15,
      "left": -121.25,
      "attrs": { "cyw43": "1" }
    },
    { "type": "wokwi-potentiometer", "id": "pot2", "top": -222.1, "left": -57.8, "attrs": {} },
    {
      "type": "wokwi-ntc-temperature-sensor",
      "id": "ntc1",
      "top": -180.3,
      "left": 85.9,
      "rotate": 90,
      "attrs": {}
    },
    {
      "type": "wokwi-slide-potentiometer",
      "id": "pot1",
      "top": -215.8,
      "left": -346.6,
      "attrs": { "travelLength": "30" }
    },
    {
      "type": "wokwi-led",
      "id": "led1",
      "top": -176.4,
      "left": -457,
      "attrs": { "color": "red" }
    },
    {
      "type": "wokwi-led",
      "id": "led3",
      "top": -157.2,
      "left": 224.6,
      "attrs": { "color": "orange" }
    },
    {
      "type": "wokwi-led",
      "id": "led4",
      "top": -214.8,
      "left": 13.4,
      "attrs": { "color": "yellow" }
    },
    { "type": "wokwi-pir-motion-sensor", "id": "pir1", "top": 148, "left": 59.82, "attrs": {} },
    {
      "type": "wokwi-led",
      "id": "led2",
      "top": 150,
      "left": 176.6,
      "attrs": { "color": "limegreen" }
    },
    { "type": "wokwi-hc-sr04", "id": "ultrasonic1", "top": -8.1, "left": -676.1, "attrs": {} }
  ],
  "connections": [
    [ "led1:C", "pico:GND.2", "black", [ "v0" ] ],
    [ "led4:C", "pico:GND.2", "black", [ "v105.6", "h-220.4", "v182.4" ] ],
    [ "led3:C", "pico:GND.2", "black", [ "v96", "h-431.6", "v134.4" ] ],
    [ "led1:A", "pico:GP4", "green", [ "v0" ] ],
    [ "pot1:GND", "pico:GND.1", "black", [ "v0" ] ],
    [ "pot2:GND", "pico:GND.1", "black", [ "v115.2", "h-76.8", "v105.6" ] ],
    [ "ntc1:GND", "pico:GND.1", "black", [ "v105.6", "h-288", "v38.4" ] ],
    [ "pot1:VCC", "pico:3V3", "red", [ "h-48", "v96", "h374.4", "v163.2" ] ],
    [ "pot2:VCC", "pico:3V3", "red", [ "v0" ] ],
    [ "ntc1:VCC", "pico:3V3", "red", [ "v163.2", "h-201.6" ] ],
    [ "pot1:SIG", "pico:GP26", "green", [ "h-9.6", "v56.8", "h364.8", "v230.4" ] ],
    [ "pot2:SIG", "pico:GP27", "green", [ "v278.4", "h-29.51" ] ],
    [ "ntc1:OUT", "pico:GP28", "green", [ "v0" ] ],
    [ "led4:A", "pico:GP5", "green", [ "v182.4", "h-211.2", "v96" ] ],
    [ "led3:A", "pico:GP3", "green", [ "v115.2", "h-403.2", "v76.8" ] ],
    [ "pir1:GND", "pico:GND.5", "black", [ "v48", "h-105.86", "v-76.8", "h-19.2" ] ],
    [ "pico:VBUS", "pir1:VCC", "green", [ "h38.71", "v201.6", "h105.6" ] ],
    [ "led2:C", "pico:GND.5", "black", [ "v115.2", "h-172.4", "v-96" ] ],
    [ "pico:GP2", "led2:A", "green", [ "h-67.2", "v182.4", "h393.6" ] ],
    [ "pico:GP14", "pir1:OUT", "green", [ "h-19.2", "v76.84", "h240" ] ],
    [ "pico:GP13", "ultrasonic1:ECHO", "green", [ "h0" ] ],
    [ "pico:GP12", "ultrasonic1:TRIG", "green", [ "h0" ] ],
    [ "ultrasonic1:VCC", "pico:3V3", "red", [ "v4.8", "h456", "v-81.6", "h216", "v67.2" ] ],
    [ "ultrasonic1:GND", "pico:GND.4", "black", [ "v0" ] ]
  ],
  "serialMonitor": { "display": "terminal" },
  "dependencies": {}
}